{
  "Start_Time": {
    "0": 0.0,
    "1": 2.818202247191011,
    "2": 5.636404494382022,
    "3": 8.454606741573034,
    "4": 11.272808988764044,
    "5": 14.091011235955055,
    "6": 16.90921348314607,
    "7": 19.72741573033708,
    "8": 22.54561797752809,
    "9": 25.3638202247191,
    "10": 28.18202247191011,
    "11": 31.000224719101123,
    "12": 33.81842696629214,
    "13": 36.63662921348315,
    "14": 39.45483146067416,
    "15": 42.27303370786517,
    "16": 45.09123595505618,
    "17": 47.90943820224719,
    "18": 50.7276404494382,
    "19": 53.54584269662921,
    "20": 56.36404494382022,
    "21": 59.182247191011236,
    "22": 62.000449438202246,
    "23": 64.81865168539325,
    "24": 67.63685393258427,
    "25": 70.45505617977528,
    "26": 73.2732584269663,
    "27": 76.0914606741573,
    "28": 78.90966292134831,
    "29": 81.72786516853932,
    "30": 84.54606741573033,
    "31": 87.36426966292134,
    "32": 90.18247191011235,
    "33": 93.00067415730337,
    "34": 95.81887640449438,
    "35": 98.63707865168539,
    "36": 101.4552808988764,
    "37": 104.2734831460674,
    "38": 107.09168539325842,
    "39": 109.90988764044943,
    "40": 112.72808988764044,
    "41": 115.54629213483146,
    "42": 118.36449438202247,
    "43": 121.18269662921348,
    "44": 124.00089887640449,
    "45": 126.8191011235955,
    "46": 129.6373033707865,
    "47": 132.4555056179775,
    "48": 135.27370786516855,
    "49": 138.09191011235956,
    "50": 140.91011235955057,
    "51": 143.72831460674158,
    "52": 146.5465168539326,
    "53": 149.3647191011236,
    "54": 152.1829213483146,
    "55": 155.00112359550562,
    "56": 157.81932584269663,
    "57": 160.63752808988764,
    "58": 163.45573033707865,
    "59": 166.27393258426966,
    "60": 169.09213483146067,
    "61": 171.91033707865168,
    "62": 174.7285393258427,
    "63": 177.5467415730337,
    "64": 180.3649438202247,
    "65": 183.18314606741572,
    "66": 186.00134831460673,
    "67": 188.81955056179774,
    "68": 191.63775280898875,
    "69": 194.45595505617976,
    "70": 197.27415730337077,
    "71": 200.09235955056178,
    "72": 202.9105617977528,
    "73": 205.7287640449438,
    "74": 208.5469662921348,
    "75": 211.36516853932582,
    "76": 214.18337078651683,
    "77": 217.00157303370784,
    "78": 219.81977528089885,
    "79": 222.63797752808986,
    "80": 225.45617977528087,
    "81": 228.2743820224719,
    "82": 231.09258426966292,
    "83": 233.91078651685393,
    "84": 236.72898876404494,
    "85": 239.54719101123595,
    "86": 242.36539325842696,
    "87": 245.18359550561797
  },
  "End_Time": {
    "0": 2.818202247191011,
    "1": 5.636404494382022,
    "2": 8.454606741573034,
    "3": 11.272808988764044,
    "4": 14.091011235955055,
    "5": 16.90921348314607,
    "6": 19.72741573033708,
    "7": 22.54561797752809,
    "8": 25.3638202247191,
    "9": 28.18202247191011,
    "10": 31.000224719101123,
    "11": 33.81842696629214,
    "12": 36.63662921348315,
    "13": 39.45483146067416,
    "14": 42.27303370786517,
    "15": 45.09123595505618,
    "16": 47.90943820224719,
    "17": 50.7276404494382,
    "18": 53.54584269662921,
    "19": 56.36404494382022,
    "20": 59.182247191011236,
    "21": 62.000449438202246,
    "22": 64.81865168539325,
    "23": 67.63685393258427,
    "24": 70.45505617977528,
    "25": 73.2732584269663,
    "26": 76.0914606741573,
    "27": 78.90966292134831,
    "28": 81.72786516853932,
    "29": 84.54606741573033,
    "30": 87.36426966292134,
    "31": 90.18247191011235,
    "32": 93.00067415730337,
    "33": 95.81887640449438,
    "34": 98.63707865168539,
    "35": 101.4552808988764,
    "36": 104.2734831460674,
    "37": 107.09168539325842,
    "38": 109.90988764044943,
    "39": 112.72808988764044,
    "40": 115.54629213483146,
    "41": 118.36449438202247,
    "42": 121.18269662921348,
    "43": 124.00089887640449,
    "44": 126.8191011235955,
    "45": 129.6373033707865,
    "46": 132.4555056179775,
    "47": 135.27370786516855,
    "48": 138.09191011235956,
    "49": 140.91011235955057,
    "50": 143.72831460674158,
    "51": 146.5465168539326,
    "52": 149.3647191011236,
    "53": 152.1829213483146,
    "54": 155.00112359550562,
    "55": 157.81932584269663,
    "56": 160.63752808988764,
    "57": 163.45573033707865,
    "58": 166.27393258426966,
    "59": 169.09213483146067,
    "60": 171.91033707865168,
    "61": 174.7285393258427,
    "62": 177.5467415730337,
    "63": 180.3649438202247,
    "64": 183.18314606741572,
    "65": 186.00134831460673,
    "66": 188.81955056179774,
    "67": 191.63775280898875,
    "68": 194.45595505617976,
    "69": 197.27415730337077,
    "70": 200.09235955056178,
    "71": 202.9105617977528,
    "72": 205.7287640449438,
    "73": 208.5469662921348,
    "74": 211.36516853932582,
    "75": 214.18337078651683,
    "76": 217.00157303370784,
    "77": 219.81977528089885,
    "78": 222.63797752808986,
    "79": 225.45617977528087,
    "80": 228.2743820224719,
    "81": 231.09258426966292,
    "82": 233.91078651685393,
    "83": 236.72898876404494,
    "84": 239.54719101123595,
    "85": 242.36539325842696,
    "86": 245.18359550561797,
    "87": 248.00179775280898
  },
  "Chord": {
    "0": "N",
    "1": "N",
    "2": "G#:min",
    "3": "E",
    "4": "E",
    "5": "D:dim7",
    "6": "G#:min7",
    "7": "E",
    "8": "E",
    "9": "F#",
    "10": "B",
    "11": "G#:min7",
    "12": "E",
    "13": "B",
    "14": "C#:7",
    "15": "F#",
    "16": "B",
    "17": "B",
    "18": "G#:min",
    "19": "C#:min",
    "20": "B",
    "21": "G#:min",
    "22": "B",
    "23": "B",
    "24": "G#:min",
    "25": "B",
    "26": "D#:7",
    "27": "D#",
    "28": "G#:min",
    "29": "G#:min",
    "30": "C#:min",
    "31": "G#:min",
    "32": "G#:min",
    "33": "F#",
    "34": "B",
    "35": "B",
    "36": "D#:7",
    "37": "E",
    "38": "E",
    "39": "D:dim7",
    "40": "G#:min",
    "41": "E",
    "42": "E",
    "43": "D#",
    "44": "C#:min",
    "45": "F#",
    "46": "C#:min7",
    "47": "E",
    "48": "E",
    "49": "F#",
    "50": "E",
    "51": "D#",
    "52": "E",
    "53": "D#:7",
    "54": "C#:min",
    "55": "C#:7",
    "56": "C#:min",
    "57": "F#",
    "58": "F#",
    "59": "C#",
    "60": "G#",
    "61": "G#",
    "62": "G#",
    "63": "D#:sus4",
    "64": "G#",
    "65": "G#",
    "66": "G#",
    "67": "D#",
    "68": "G#",
    "69": "G#",
    "70": "G#",
    "71": "D#",
    "72": "G#",
    "73": "G#",
    "74": "F#",
    "75": "C#:min",
    "76": "E",
    "77": "B",
    "78": "G#:min",
    "79": "B",
    "80": "D#:7",
    "81": "B",
    "82": "C#:min",
    "83": "E",
    "84": "C#:min7",
    "85": "E",
    "86": "C#:min",
    "87": "E"
  },
  "normal": {
    "0": "N",
    "1": "N",
    "2": "G#:min",
    "3": "E",
    "4": "E",
    "5": "D:dim",
    "6": "G#:min7",
    "7": "E",
    "8": "E",
    "9": "F#",
    "10": "B",
    "11": "G#:min7",
    "12": "E",
    "13": "B",
    "14": "C#:7",
    "15": "F#",
    "16": "B",
    "17": "B",
    "18": "G#:min",
    "19": "C#:min",
    "20": "B",
    "21": "G#:min",
    "22": "B",
    "23": "B",
    "24": "G#:min",
    "25": "B",
    "26": "D#:7",
    "27": "D#",
    "28": "G#:min",
    "29": "G#:min",
    "30": "C#:min",
    "31": "G#:min",
    "32": "G#:min",
    "33": "F#",
    "34": "B",
    "35": "B",
    "36": "D#:7",
    "37": "E",
    "38": "E",
    "39": "D:dim",
    "40": "G#:min",
    "41": "E",
    "42": "E",
    "43": "D#",
    "44": "C#:min",
    "45": "F#",
    "46": "C#:min7",
    "47": "E",
    "48": "E",
    "49": "F#",
    "50": "E",
    "51": "D#",
    "52": "E",
    "53": "D#:7",
    "54": "C#:min",
    "55": "C#:7",
    "56": "C#:min",
    "57": "F#",
    "58": "F#",
    "59": "C#",
    "60": "G#",
    "61": "G#",
    "62": "G#",
    "63": "D#:sus4",
    "64": "G#",
    "65": "G#",
    "66": "G#",
    "67": "D#",
    "68": "G#",
    "69": "G#",
    "70": "G#",
    "71": "D#",
    "72": "G#",
    "73": "G#",
    "74": "F#",
    "75": "C#:min",
    "76": "E",